<application>
  <component name="FileTypeManager" version="19">
    <extensionMap>
      <mapping pattern="Ctest" type="C++" />
      <mapping pattern="javaTest" type="JAVA" />
      <mapping pattern="homeTest" type="JAVA" />
      <mapping pattern="Test" type="JavaFX" />
      <mapping ext="gradle.kts" type="Kotlin" />
      <mapping ext="space.kts" type="Kotlin" />
      <mapping ext="main.kts" type="Kotlin" />
      <mapping ext="pem" type="PLAIN_TEXT" />
      <mapping ext="template" type="PLAIN_TEXT" />
      <mapping ext="mql" type="PLAIN_TEXT" />
      <mapping ext="phd" type="PLAIN_TEXT" />
      <mapping ext="tcl" type="PLAIN_TEXT" />
      <removed_mapping ext="apk" approved="true" type="ARCHIVE" />
      <removed_mapping ext="psd" approved="true" type="Image" />
      <mapping pattern="Ctest" type="C++" />
      <mapping pattern="Test" type="JavaFX" />
    </extensionMap>
  </component>
</application>